{
  "accuracy": {
    "mean": 0.49260143198090695,
    "std": 0.0,
    "by_seed": {
      "42": 0.49260143198090695
    },
    "values": [
      0.49260143198090695
    ]
  },
  "classification_report.Islamophobic.f1-score": {
    "mean": 0.6718146718146718,
    "std": 0.0,
    "by_seed": {
      "42": 0.6718146718146718
    },
    "values": [
      0.6718146718146718
    ]
  },
  "classification_report.Islamophobic.precision": {
    "mean": 0.6126760563380281,
    "std": 0.0,
    "by_seed": {
      "42": 0.6126760563380281
    },
    "values": [
      0.6126760563380281
    ]
  },
  "classification_report.Islamophobic.recall": {
    "mean": 0.7435897435897436,
    "std": 0.0,
    "by_seed": {
      "42": 0.7435897435897436
    },
    "values": [
      0.7435897435897436
    ]
  },
  "classification_report.Islamophobic.support": {
    "mean": 117.0,
    "std": 0.0,
    "by_seed": {
      "42": 117.0
    },
    "values": [
      117.0
    ]
  },
  "classification_report.accuracy": {
    "mean": 0.49260143198090695,
    "std": 0.0,
    "by_seed": {
      "42": 0.49260143198090695
    },
    "values": [
      0.49260143198090695
    ]
  },
  "classification_report.anti-Latino.f1-score": {
    "mean": 0.0,
    "std": 0.0,
    "by_seed": {
      "42": 0.0
    },
    "values": [
      0.0
    ]
  },
  "classification_report.anti-Latino.precision": {
    "mean": 0.0,
    "std": 0.0,
    "by_seed": {
      "42": 0.0
    },
    "values": [
      0.0
    ]
  },
  "classification_report.anti-Latino.recall": {
    "mean": 0.0,
    "std": 0.0,
    "by_seed": {
      "42": 0.0
    },
    "values": [
      0.0
    ]
  },
  "classification_report.anti-Latino.support": {
    "mean": 0.0,
    "std": 0.0,
    "by_seed": {
      "42": 0.0
    },
    "values": [
      0.0
    ]
  },
  "classification_report.anti-liberal.f1-score": {
    "mean": 0.1640530759951749,
    "std": 0.0,
    "by_seed": {
      "42": 0.1640530759951749
    },
    "values": [
      0.1640530759951749
    ]
  },
  "classification_report.anti-liberal.precision": {
    "mean": 0.6238532110091743,
    "std": 0.0,
    "by_seed": {
      "42": 0.6238532110091743
    },
    "values": [
      0.6238532110091743
    ]
  },
  "classification_report.anti-liberal.recall": {
    "mean": 0.09444444444444444,
    "std": 0.0,
    "by_seed": {
      "42": 0.09444444444444444
    },
    "values": [
      0.09444444444444444
    ]
  },
  "classification_report.anti-liberal.support": {
    "mean": 720.0,
    "std": 0.0,
    "by_seed": {
      "42": 720.0
    },
    "values": [
      720.0
    ]
  },
  "classification_report.anti-vax.f1-score": {
    "mean": 0.0,
    "std": 0.0,
    "by_seed": {
      "42": 0.0
    },
    "values": [
      0.0
    ]
  },
  "classification_report.anti-vax.precision": {
    "mean": 0.0,
    "std": 0.0,
    "by_seed": {
      "42": 0.0
    },
    "values": [
      0.0
    ]
  },
  "classification_report.anti-vax.recall": {
    "mean": 0.0,
    "std": 0.0,
    "by_seed": {
      "42": 0.0
    },
    "values": [
      0.0
    ]
  },
  "classification_report.anti-vax.support": {
    "mean": 0.0,
    "std": 0.0,
    "by_seed": {
      "42": 0.0
    },
    "values": [
      0.0
    ]
  },
  "classification_report.antisemitic.f1-score": {
    "mean": 0.5836298932384342,
    "std": 0.0,
    "by_seed": {
      "42": 0.5836298932384342
    },
    "values": [
      0.5836298932384342
    ]
  },
  "classification_report.antisemitic.precision": {
    "mean": 0.6212121212121212,
    "std": 0.0,
    "by_seed": {
      "42": 0.6212121212121212
    },
    "values": [
      0.6212121212121212
    ]
  },
  "classification_report.antisemitic.recall": {
    "mean": 0.5503355704697986,
    "std": 0.0,
    "by_seed": {
      "42": 0.5503355704697986
    },
    "values": [
      0.5503355704697986
    ]
  },
  "classification_report.antisemitic.support": {
    "mean": 298.0,
    "std": 0.0,
    "by_seed": {
      "42": 298.0
    },
    "values": [
      298.0
    ]
  },
  "classification_report.climate change denier.f1-score": {
    "mean": 0.0,
    "std": 0.0,
    "by_seed": {
      "42": 0.0
    },
    "values": [
      0.0
    ]
  },
  "classification_report.climate change denier.precision": {
    "mean": 0.0,
    "std": 0.0,
    "by_seed": {
      "42": 0.0
    },
    "values": [
      0.0
    ]
  },
  "classification_report.climate change denier.recall": {
    "mean": 0.0,
    "std": 0.0,
    "by_seed": {
      "42": 0.0
    },
    "values": [
      0.0
    ]
  },
  "classification_report.climate change denier.support": {
    "mean": 0.0,
    "std": 0.0,
    "by_seed": {
      "42": 0.0
    },
    "values": [
      0.0
    ]
  },
  "classification_report.conservative.f1-score": {
    "mean": 0.0,
    "std": 0.0,
    "by_seed": {
      "42": 0.0
    },
    "values": [
      0.0
    ]
  },
  "classification_report.conservative.precision": {
    "mean": 0.0,
    "std": 0.0,
    "by_seed": {
      "42": 0.0
    },
    "values": [
      0.0
    ]
  },
  "classification_report.conservative.recall": {
    "mean": 0.0,
    "std": 0.0,
    "by_seed": {
      "42": 0.0
    },
    "values": [
      0.0
    ]
  },
  "classification_report.conservative.support": {
    "mean": 9.0,
    "std": 0.0,
    "by_seed": {
      "42": 9.0
    },
    "values": [
      9.0
    ]
  },
  "classification_report.macro avg.f1-score": {
    "mean": 0.3140078266014924,
    "std": 0.0,
    "by_seed": {
      "42": 0.3140078266014924
    },
    "values": [
      0.3140078266014924
    ]
  },
  "classification_report.macro avg.precision": {
    "mean": 0.3283255666335759,
    "std": 0.0,
    "by_seed": {
      "42": 0.3283255666335759
    },
    "values": [
      0.3283255666335759
    ]
  },
  "classification_report.macro avg.recall": {
    "mean": 0.3613551172666444,
    "std": 0.0,
    "by_seed": {
      "42": 0.3613551172666444
    },
    "values": [
      0.3613551172666444
    ]
  },
  "classification_report.macro avg.support": {
    "mean": 2095.0,
    "std": 0.0,
    "by_seed": {
      "42": 2095.0
    },
    "values": [
      2095.0
    ]
  },
  "classification_report.racist.f1-score": {
    "mean": 0.7178947368421053,
    "std": 0.0,
    "by_seed": {
      "42": 0.7178947368421053
    },
    "values": [
      0.7178947368421053
    ]
  },
  "classification_report.racist.precision": {
    "mean": 0.6458333333333334,
    "std": 0.0,
    "by_seed": {
      "42": 0.6458333333333334
    },
    "values": [
      0.6458333333333334
    ]
  },
  "classification_report.racist.recall": {
    "mean": 0.8080568720379147,
    "std": 0.0,
    "by_seed": {
      "42": 0.8080568720379147
    },
    "values": [
      0.8080568720379147
    ]
  },
  "classification_report.racist.support": {
    "mean": 422.0,
    "std": 0.0,
    "by_seed": {
      "42": 422.0
    },
    "values": [
      422.0
    ]
  },
  "classification_report.transphobic.f1-score": {
    "mean": 0.656891495601173,
    "std": 0.0,
    "by_seed": {
      "42": 0.656891495601173
    },
    "values": [
      0.656891495601173
    ]
  },
  "classification_report.transphobic.precision": {
    "mean": 0.5258215962441315,
    "std": 0.0,
    "by_seed": {
      "42": 0.5258215962441315
    },
    "values": [
      0.5258215962441315
    ]
  },
  "classification_report.transphobic.recall": {
    "mean": 0.875,
    "std": 0.0,
    "by_seed": {
      "42": 0.875
    },
    "values": [
      0.875
    ]
  },
  "classification_report.transphobic.support": {
    "mean": 256.0,
    "std": 0.0,
    "by_seed": {
      "42": 256.0
    },
    "values": [
      256.0
    ]
  },
  "classification_report.weighted avg.f1-score": {
    "mean": 0.4468543725460826,
    "std": 0.0,
    "by_seed": {
      "42": 0.4468543725460826
    },
    "values": [
      0.4468543725460826
    ]
  },
  "classification_report.weighted avg.precision": {
    "mean": 0.5644077422447974,
    "std": 0.0,
    "by_seed": {
      "42": 0.5644077422447974
    },
    "values": [
      0.5644077422447974
    ]
  },